{
    "No Detection": {
        "precision": 0.0,
        "recall": 0.0,
        "f1-score": 0.0,
        "support": 0.0
    },
    "pedestrian_traffic_light_green": {
        "precision": 1.0,
        "recall": 0.5,
        "f1-score": 0.6666666666666666,
        "support": 2.0
    },
    "pedestrian_traffic_light_red": {
        "precision": 0.0,
        "recall": 0.0,
        "f1-score": 0.0,
        "support": 16.0
    },
    "stop": {
        "precision": 0.9411764705882353,
        "recall": 0.5714285714285714,
        "f1-score": 0.7111111111111111,
        "support": 28.0
    },
    "traffic_light_green": {
        "precision": 1.0,
        "recall": 0.8076923076923077,
        "f1-score": 0.8936170212765957,
        "support": 52.0
    },
    "traffic_light_red": {
        "precision": 1.0,
        "recall": 0.08695652173913043,
        "f1-score": 0.16,
        "support": 23.0
    },
    "traffic_light_yellow": {
        "precision": 0.0,
        "recall": 0.0,
        "f1-score": 0.0,
        "support": 3.0
    },
    "accuracy": 0.49193548387096775,
    "macro avg": {
        "precision": 0.5630252100840336,
        "recall": 0.2808682001228585,
        "f1-score": 0.3473421141506248,
        "support": 124.0
    },
    "weighted avg": {
        "precision": 0.8334914611005692,
        "recall": 0.49193548387096775,
        "f1-score": 0.57574620605506,
        "support": 124.0
    },
    "confusion_matrix": [
        [
            0,
            16,
            0,
            0,
            0,
            0,
            0
        ],
        [
            0,
            0,
            0,
            0,
            0,
            0,
            0
        ],
        [
            0,
            1,
            1,
            0,
            0,
            0,
            0
        ],
        [
            0,
            12,
            0,
            16,
            0,
            0,
            0
        ],
        [
            0,
            10,
            0,
            0,
            42,
            0,
            0
        ],
        [
            0,
            3,
            0,
            0,
            0,
            0,
            0
        ],
        [
            1,
            19,
            0,
            1,
            0,
            0,
            2
        ]
    ]
}