                  epoch,         train/box_loss,         train/cls_loss,         train/dfl_loss,   metrics/precision(B),      metrics/recall(B),       metrics/mAP50(B),    metrics/mAP50-95(B),           val/box_loss,           val/cls_loss,           val/dfl_loss,                 lr/pg0,                 lr/pg1,                 lr/pg2
                      1,                 0.2145,                 1.5521,                0.95863,                0.85651,                0.73013,                0.91289,                0.91086,                  0.173,                 1.2007,                0.15167,             0.00033301,             0.00033301,             0.00033301
                      2,                0.14413,                0.88652,                  0.909,                0.84768,                0.89948,                0.93982,                0.93517,                0.22662,                0.76132,                0.16828,              0.0005344,              0.0005344,              0.0005344
                      3,                0.11868,                 0.7385,                0.89957,                0.89196,                0.89558,                0.94265,                0.94253,                0.11335,                0.55541,                0.10285,              0.0006038,              0.0006038,              0.0006038
                      4,                0.09391,                 0.6336,                0.89474,                0.91861,                 0.9252,                0.95958,                0.95882,                0.15792,                0.47318,                0.12179,               0.000406,               0.000406,               0.000406
                      5,                0.07279,                0.54575,                0.89487,                0.95132,                0.93274,                0.97465,                0.97464,                0.11702,                 0.3957,                0.09846,               0.000208,               0.000208,               0.000208
