{
    "No Detection": {
        "precision": 0.0,
        "recall": 0.0,
        "f1-score": 0.0,
        "support": 0.0
    },
    "pedestrian_traffic_light_green": {
        "precision": 0.0,
        "recall": 0.0,
        "f1-score": 0.0,
        "support": 2.0
    },
    "pedestrian_traffic_light_red": {
        "precision": 0.0,
        "recall": 0.0,
        "f1-score": 0.0,
        "support": 16.0
    },
    "stop": {
        "precision": 1.0,
        "recall": 0.42857142857142855,
        "f1-score": 0.6,
        "support": 28.0
    },
    "traffic_light_green": {
        "precision": 1.0,
        "recall": 0.7692307692307693,
        "f1-score": 0.8695652173913043,
        "support": 52.0
    },
    "traffic_light_red": {
        "precision": 0.0,
        "recall": 0.0,
        "f1-score": 0.0,
        "support": 23.0
    },
    "traffic_light_yellow": {
        "precision": 0.0,
        "recall": 0.0,
        "f1-score": 0.0,
        "support": 3.0
    },
    "accuracy": 0.41935483870967744,
    "macro avg": {
        "precision": 0.2857142857142857,
        "recall": 0.17111459968602824,
        "f1-score": 0.20993788819875775,
        "support": 124.0
    },
    "weighted avg": {
        "precision": 0.6451612903225806,
        "recall": 0.41935483870967744,
        "f1-score": 0.500140252454418,
        "support": 124.0
    },
    "confusion_matrix": [
        [
            0,
            16,
            0,
            0,
            0,
            0,
            0
        ],
        [
            0,
            0,
            0,
            0,
            0,
            0,
            0
        ],
        [
            0,
            2,
            0,
            0,
            0,
            0,
            0
        ],
        [
            0,
            16,
            0,
            12,
            0,
            0,
            0
        ],
        [
            0,
            12,
            0,
            0,
            40,
            0,
            0
        ],
        [
            0,
            3,
            0,
            0,
            0,
            0,
            0
        ],
        [
            0,
            23,
            0,
            0,
            0,
            0,
            0
        ]
    ]
}