{
    "No Detection": {
        "precision": 0.0,
        "recall": 0.0,
        "f1-score": 0.0,
        "support": 0.0
    },
    "pedestrian_traffic_light_green": {
        "precision": 0.0,
        "recall": 0.0,
        "f1-score": 0.0,
        "support": 2.0
    },
    "pedestrian_traffic_light_red": {
        "precision": 0.0,
        "recall": 0.0,
        "f1-score": 0.0,
        "support": 16.0
    },
    "stop": {
        "precision": 1.0,
        "recall": 0.21428571428571427,
        "f1-score": 0.35294117647058826,
        "support": 28.0
    },
    "traffic_light_green": {
        "precision": 1.0,
        "recall": 0.5,
        "f1-score": 0.6666666666666666,
        "support": 52.0
    },
    "traffic_light_red": {
        "precision": 0.0,
        "recall": 0.0,
        "f1-score": 0.0,
        "support": 23.0
    },
    "traffic_light_yellow": {
        "precision": 0.0,
        "recall": 0.0,
        "f1-score": 0.0,
        "support": 3.0
    },
    "accuracy": 0.25806451612903225,
    "macro avg": {
        "precision": 0.2857142857142857,
        "recall": 0.10204081632653061,
        "f1-score": 0.1456582633053221,
        "support": 124.0
    },
    "weighted avg": {
        "precision": 0.6451612903225806,
        "recall": 0.25806451612903225,
        "f1-score": 0.3592662871600253,
        "support": 124.0
    },
    "confusion_matrix": [
        [
            0,
            16,
            0,
            0,
            0,
            0,
            0
        ],
        [
            0,
            0,
            0,
            0,
            0,
            0,
            0
        ],
        [
            0,
            2,
            0,
            0,
            0,
            0,
            0
        ],
        [
            0,
            22,
            0,
            6,
            0,
            0,
            0
        ],
        [
            0,
            26,
            0,
            0,
            26,
            0,
            0
        ],
        [
            0,
            3,
            0,
            0,
            0,
            0,
            0
        ],
        [
            0,
            23,
            0,
            0,
            0,
            0,
            0
        ]
    ]
}